iter,m,pcnt_pruned,val_loss
100,0.0,0.00,3.0115
200,0.015,0.12141100003021132,2.9465
300,0.025,0.20027845300998892,2.9221
400,0.0385,0.3025793780012331,2.9228
500,0.055,0.41900721067045993,2.9726
600,0.068,0.5028553322450019,3.0223
700,0.085,0.6007125011397088,3.1691
800,0.11,0.7190681658676042,3.5823
900,0.135,0.8087050581631369,4.2020
1000,0.175,0.9022883983709039,6.1618
