{"loss": 3.024714939709312, "inference_latency_1": 117.32449213177813, "inference_latency_12": 1002.0095210682044, "training_throughput_4": 12238.244611684215, "training_throughput_12": 14884.086559069681}