{"loss": 3.067254932739622, "inference_latency_1": 117.32449213177813, "inference_latency_12": 881.8278827225458, "training_throughput_4": 8386.909707092911, "training_throughput_12": 1296.837207628601}